"[10, 20, 'UD', 'D-RAND', '0.5', 'S-DIST', 1]","[0, 0, 0, 0, 0, 1, 0, 0, 0, 0, 1, 0, 0, 0, 0, 0, 0, 0, 0, 0]",0.014630794525146484
"[10, 20, 'UD', 'D-RAND', '0.5', 'S-DIST', 2]","[3, 4, 0, 0, 0, 0, 3, 0, 0, 4, 0, 0, 0, 7, 3, 0, 0, 0, 1, 4]",0.04633307456970215
"[10, 20, 'UD', 'D-RAND', '0.5', 'S-DIST', 3]","[0, 0, 0, 2, 0, 2, 2, 0, 1, 1, 2, 0, 2, 0, 0, 1, 0, 2, 4, 0]",0.03925299644470215
"[10, 20, 'UD', 'D-RAND', '0.5', 'S-RAND', 1]","[6, 7, 8, 2, 2, 0, 8, 0, 0, 2, 7, 4, 4, 6, 0, 0, 0, 0, 1, 0]",0.08840727806091309
"[10, 20, 'UD', 'D-RAND', '0.5', 'S-RAND', 2]","[0, 0, 1, 0, 0, 2, 5, 0, 2, 0, 0, 6, 2, 0, 6, 6, 0, 0, 0, 6]",0.04386639595031738
"[10, 20, 'UD', 'D-RAND', '0.5', 'S-RAND', 3]","[0, 5, 0, 1, 1, 0, 5, 4, 5, 0, 4, 0, 0, 0, 0, 4, 0, 0, 0, 0]",0.03987431526184082
"[10, 20, 'UD', 'D-RAND', '1', 'S-AVG', 1]","[0, 0, 0, 0, 0, 0, 0, 0, 0, 0, 0, 0, 0, 0, 0, 0, 0, 0, 0, 0]",0.005164623260498047
"[10, 20, 'UD', 'D-RAND', '1', 'S-AVG', 2]","[0, 0, 0, 0, 0, 0, 0, 0, 0, 0, 0, 0, 0, 0, 0, 0, 0, 0, 0, 0]",0.004019260406494141
"[10, 20, 'UD', 'D-RAND', '1', 'S-AVG', 3]","[0, 0, 0, 0, 0, 0, 0, 0, 0, 0, 0, 0, 0, 0, 0, 0, 0, 0, 0, 0]",0.003484487533569336
"[10, 20, 'UD', 'D-RAND', '1', 'S-DIST', 1]","[0, 0, 0, 0, 1, 0, 0, 0, 0, 0, 0, 0, 0, 0, 0, 0, 2, 2, 0, 0]",0.019559144973754883
"[10, 20, 'UD', 'D-RAND', '1', 'S-DIST', 2]","[0, 0, 0, 5, 0, 0, 0, 2, 0, 0, 0, 0, 0, 0, 0, 0, 0, 0, 3, 0]",0.032654762268066406
"[10, 20, 'UD', 'D-RAND', '1', 'S-DIST', 3]","[0, 0, 0, 0, 6, 2, 4, 2, 1, 0, 6, 0, 2, 0, 0, 0, 0, 0, 0, 0]",0.04088926315307617
"[10, 20, 'UD', 'D-RAND', '1', 'S-RAND', 1]","[0, 0, 3, 0, 15, 3, 5, 7, 13, 14, 9, 13, 0, 6, 7, 3, 3, 7, 13, 0]",0.11159539222717285
"[10, 20, 'UD', 'D-RAND', '1', 'S-RAND', 2]","[0, 2, 5, 0, 0, 4, 0, 1, 0, 10, 0, 0, 10, 0, 4, 5, 2, 0, 0, 2]",0.07318115234375
"[10, 20, 'UD', 'D-RAND', '1', 'S-RAND', 3]","[7, 0, 0, 1, 0, 4, 2, 0, 0, 7, 4, 2, 0, 0, 8, 0, 0, 0, 0, 0]",0.052559614181518555
"[10, 20, 'UD', 'D-RAND', '1.5', 'S-AVG', 1]","[0, 0, 0, 2, 0, 0, 0, 1, 1, 0, 0, 0, 0, 0, 2, 0, 0, 1, 0, 1]",0.02277207374572754
"[10, 20, 'UD', 'D-RAND', '1.5', 'S-AVG', 2]","[0, 0, 0, 0, 0, 0, 0, 0, 0, 0, 0, 0, 0, 0, 0, 0, 0, 0, 0, 0]",0.0044116973876953125
"[10, 20, 'UD', 'D-RAND', '1.5', 'S-AVG', 3]","[0, 0, 1, 0, 0, 0, 1, 0, 0, 1, 6, 0, 0, 0, 0, 0, 0, 0, 0, 0]",0.045990943908691406
"[10, 20, 'UD', 'D-RAND', '1.5', 'S-DIST', 1]","[4, 6, 9, 18, 4, 0, 0, 4, 2, 4, 0, 0, 11, 0, 0, 0, 0, 0, 11, 4]",0.12326431274414062
"[10, 20, 'UD', 'D-RAND', '1.5', 'S-DIST', 2]","[0, 2, 0, 0, 0, 0, 0, 0, 0, 0, 0, 0, 0, 0, 0, 0, 0, 1, 0, 0]",0.01910567283630371
"[10, 20, 'UD', 'D-RAND', '1.5', 'S-DIST', 3]","[3, 3, 3, 0, 0, 0, 11, 0, 0, 0, 0, 0, 3, 0, 0, 0, 0, 0, 0, 0]",0.06595730781555176
"[10, 20, 'UD', 'D-RAND', '1.5', 'S-RAND', 1]","[13, 10, 0, 3, 0, 9, 0, 9, 2, 0, 2, 0, 0, 12, 0, 4, 6, 0, 6, 0]",0.08620500564575195
"[10, 20, 'UD', 'D-RAND', '1.5', 'S-RAND', 2]","[7, 19, 21, 5, 5, 2, 5, 0, 21, 0, 18, 0, 21, 19, 0, 0, 13, 4, 4, 16]",0.14660429954528809
"[10, 20, 'UD', 'D-RAND', '1.5', 'S-RAND', 3]","[0, 0, 0, 13, 0, 0, 9, 0, 15, 0, 0, 0, 2, 0, 11, 0, 17, 9, 0, 0]",0.09643244743347168
"[10, 20, 'DS', 'D-AVG', '0.5', 'S-AVG', 1]","[0, 0, 0, 0, 0, 0, 0, 0, 0, 0, 0, 0, 0, 0, 0, 0, 0, 0, 0, 0]",0.003988742828369141
"[10, 20, 'DS', 'D-AVG', '0.5', 'S-AVG', 2]","[0, 0, 0, 0, 0, 0, 0, 0, 0, 0, 1, 0, 0, 0, 0, 0, 0, 0, 0, 0]",0.016981124877929688
"[10, 20, 'DS', 'D-AVG', '0.5', 'S-AVG', 3]","[0, 0, 0, 0, 0, 0, 0, 0, 0, 1, 0, 0, 1, 0, 0, 0, 0, 0, 1, 0]",0.019054889678955078
"[10, 20, 'DS', 'D-AVG', '0.5', 'S-DIST', 1]","[4, 2, 8, 0, 7, 3, 2, 2, 2, 3, 6, 6, 0, 5, 2, 0, 7, 3, 4, 2]",0.07570672035217285
"[10, 20, 'DS', 'D-AVG', '0.5', 'S-DIST', 2]","[9, 8, 7, 7, 6, 7, 5, 7, 8, 7, 5, 8, 8, 5, 7, 8, 8, 7, 8, 7]",0.10707306861877441
"[10, 20, 'DS', 'D-AVG', '0.5', 'S-DIST', 3]","[4, 0, 0, 4, 0, 2, 0, 0, 0, 0, 0, 0, 0, 0, 3, 2, 0, 2, 7, 2]",0.05400538444519043
"[10, 20, 'DS', 'D-AVG', '0.5', 'S-RAND', 1]","[3, 7, 6, 4, 4, 0, 5, 7, 3, 0, 7, 5, 4, 0, 4, 5, 3, 4, 7, 4]",0.07207703590393066
"[10, 20, 'DS', 'D-AVG', '0.5', 'S-RAND', 2]","[2, 0, 0, 0, 0, 0, 1, 0, 0, 0, 5, 3, 0, 1, 4, 2, 0, 5, 5, 0]",0.04249167442321777
"[10, 20, 'DS', 'D-AVG', '0.5', 'S-RAND', 3]","[0, 1, 0, 3, 0, 6, 0, 0, 3, 6, 0, 7, 4, 6, 0, 3, 0, 0, 1, 0]",0.06080269813537598
"[10, 20, 'DS', 'D-AVG', '1', 'S-AVG', 1]","[0, 0, 0, 0, 0, 0, 0, 0, 0, 0, 0, 0, 0, 0, 0, 0, 0, 0, 0, 0]",0.004284858703613281
"[10, 20, 'DS', 'D-AVG', '1', 'S-AVG', 2]","[0, 0, 0, 0, 0, 0, 0, 0, 0, 0, 0, 0, 0, 0, 0, 0, 0, 0, 0, 0]",0.004716634750366211
"[10, 20, 'DS', 'D-AVG', '1', 'S-AVG', 3]","[0, 0, 0, 0, 0, 0, 0, 0, 0, 0, 0, 0, 0, 0, 0, 0, 0, 0, 0, 0]",0.005010843276977539
"[10, 20, 'DS', 'D-AVG', '1', 'S-DIST', 1]","[1, 2, 0, 2, 1, 3, 2, 11, 0, 0, 0, 3, 0, 1, 2, 7, 0, 3, 0, 1]",0.07528972625732422
"[10, 20, 'DS', 'D-AVG', '1', 'S-DIST', 2]","[11, 8, 12, 8, 12, 13, 15, 17, 20, 8, 12, 15, 5, 20, 15, 15, 18, 18, 13, 12]",0.19628405570983887
"[10, 20, 'DS', 'D-AVG', '1', 'S-DIST', 3]","[4, 1, 2, 6, 4, 5, 7, 0, 10, 0, 4, 0, 12, 10, 0, 5, 1, 2, 7, 6]",0.09398126602172852
"[10, 20, 'DS', 'D-AVG', '1', 'S-RAND', 1]","[0, 6, 0, 14, 6, 1, 2, 12, 0, 9, 2, 2, 0, 13, 2, 8, 3, 12, 6, 13]",0.1004786491394043
"[10, 20, 'DS', 'D-AVG', '1', 'S-RAND', 2]","[0, 0, 0, 0, 0, 1, 0, 1, 0, 0, 1, 1, 0, 0, 0, 0, 0, 1, 0, 0]",0.018386363983154297
"[10, 20, 'DS', 'D-AVG', '1', 'S-RAND', 3]","[3, 0, 2, 1, 2, 2, 0, 0, 2, 3, 2, 2, 2, 3, 0, 0, 2, 1, 1, 1]",0.06144237518310547
"[10, 20, 'DS', 'D-AVG', '1.5', 'S-AVG', 1]","[0, 0, 0, 0, 0, 0, 0, 0, 0, 0, 0, 0, 0, 0, 0, 0, 0, 0, 0, 0]",0.0045778751373291016
"[10, 20, 'DS', 'D-AVG', '1.5', 'S-AVG', 2]","[0, 0, 0, 0, 2, 0, 0, 0, 0, 0, 1, 0, 0, 0, 0, 0, 0, 0, 0, 0]",0.021141767501831055
"[10, 20, 'DS', 'D-AVG', '1.5', 'S-AVG', 3]","[7, 0, 13, 13, 13, 13, 11, 15, 13, 13, 13, 13, 10, 14, 13, 13, 5, 14, 13, 13]",0.35634469985961914
"[10, 20, 'DS', 'D-AVG', '1.5', 'S-DIST', 1]","[0, 3, 0, 0, 0, 6, 0, 0, 6, 0, 8, 0, 6, 0, 0, 0, 0, 0, 0, 11]",0.07848763465881348
"[10, 20, 'DS', 'D-AVG', '1.5', 'S-DIST', 2]","[5, 11, 22, 19, 11, 22, 22, 16, 8, 11, 30, 16, 27, 16, 11, 11, 8, 14, 16, 11]",0.33506202697753906
"[10, 20, 'DS', 'D-AVG', '1.5', 'S-DIST', 3]","[4, 4, 13, 0, 4, 13, 3, 15, 5, 4, 5, 0, 3, 7, 0, 3, 3, 0, 3, 0]",0.1774747371673584
"[10, 20, 'DS', 'D-AVG', '1.5', 'S-RAND', 1]","[18, 15, 16, 15, 18, 16, 18, 11, 11, 24, 16, 10, 9, 14, 10, 2, 11, 0, 11, 11]",0.1863241195678711
"[10, 20, 'DS', 'D-AVG', '1.5', 'S-RAND', 2]","[12, 10, 12, 9, 4, 11, 10, 10, 12, 0, 15, 12, 15, 22, 5, 0, 15, 17, 22, 15]",0.18361520767211914
"[10, 20, 'DS', 'D-AVG', '1.5', 'S-RAND', 3]","[6, 0, 23, 8, 10, 23, 3, 10, 10, 26, 28, 18, 20, 0, 10, 8, 6, 16, 10, 0]",0.23151183128356934
"[10, 20, 'DS', 'D-DIST', '0.5', 'S-AVG', 1]","[0, 0, 0, 0, 0, 0, 0, 0, 0, 0, 0, 0, 0, 0, 0, 0, 0, 0, 0, 0]",0.0036504268646240234
"[10, 20, 'DS', 'D-DIST', '0.5', 'S-AVG', 2]","[0, 0, 0, 0, 0, 0, 0, 0, 0, 0, 0, 0, 0, 0, 0, 0, 0, 0, 0, 0]",0.0049822330474853516
"[10, 20, 'DS', 'D-DIST', '0.5', 'S-AVG', 3]","[5, 5, 5, 5, 5, 5, 5, 5, 5, 5, 5, 5, 5, 5, 5, 5, 5, 5, 5, 5]",0.07702898979187012
"[10, 20, 'DS', 'D-DIST', '0.5', 'S-DIST', 1]","[1, 4, 5, 3, 4, 5, 2, 0, 3, 2, 4, 4, 7, 3, 0, 2, 2, 6, 3, 6]",0.07552742958068848
"[10, 20, 'DS', 'D-DIST', '0.5', 'S-DIST', 2]","[4, 1, 5, 0, 3, 0, 1, 8, 3, 1, 0, 1, 4, 3, 1, 3, 2, 1, 4, 1]",0.08012151718139648
"[10, 20, 'DS', 'D-DIST', '0.5', 'S-DIST', 3]","[4, 0, 1, 3, 1, 0, 0, 5, 1, 2, 1, 0, 0, 0, 3, 5, 1, 5, 1, 1]",0.04695844650268555
"[10, 20, 'DS', 'D-DIST', '0.5', 'S-RAND', 1]","[2, 7, 7, 8, 5, 0, 2, 2, 6, 0, 2, 2, 7, 2, 0, 4, 0, 2, 4, 1]",0.06874346733093262
"[10, 20, 'DS', 'D-DIST', '0.5', 'S-RAND', 2]","[1, 1, 2, 0, 8, 2, 2, 4, 5, 4, 6, 4, 7, 2, 7, 5, 0, 7, 4, 2]",0.06462311744689941
"[10, 20, 'DS', 'D-DIST', '0.5', 'S-RAND', 3]","[7, 5, 9, 8, 0, 8, 2, 4, 7, 0, 10, 2, 7, 2, 4, 4, 8, 8, 2, 8]",0.07892370223999023
"[10, 20, 'DS', 'D-DIST', '1', 'S-AVG', 1]","[0, 0, 0, 0, 0, 1, 0, 0, 0, 0, 0, 0, 0, 0, 0, 0, 0, 0, 0, 0]",0.01978302001953125
"[10, 20, 'DS', 'D-DIST', '1', 'S-AVG', 2]","[10, 10, 10, 10, 10, 10, 10, 10, 10, 10, 10, 10, 10, 10, 10, 10, 10, 10, 10, 10]",0.07988166809082031
"[10, 20, 'DS', 'D-DIST', '1', 'S-AVG', 3]","[0, 0, 0, 0, 0, 0, 0, 0, 0, 0, 0, 0, 0, 0, 0, 0, 0, 0, 0, 0]",0.005395174026489258
"[10, 20, 'DS', 'D-DIST', '1', 'S-DIST', 1]","[2, 4, 3, 4, 7, 6, 0, 2, 0, 7, 5, 4, 4, 2, 7, 4, 0, 4, 11, 4]",0.11219215393066406
"[10, 20, 'DS', 'D-DIST', '1', 'S-DIST', 2]","[15, 14, 16, 15, 13, 15, 15, 13, 13, 15, 14, 12, 16, 12, 17, 13, 15, 12, 15, 15]",0.23023080825805664
"[10, 20, 'DS', 'D-DIST', '1', 'S-DIST', 3]","[6, 5, 16, 5, 9, 13, 4, 2, 9, 12, 0, 3, 13, 3, 5, 9, 13, 3, 6, 12]",0.1491391658782959
"[10, 20, 'DS', 'D-DIST', '1', 'S-RAND', 1]","[11, 10, 13, 11, 8, 16, 16, 19, 20, 10, 9, 10, 10, 11, 12, 20, 13, 11, 11, 11]",0.23648834228515625
"[10, 20, 'DS', 'D-DIST', '1', 'S-RAND', 2]","[0, 9, 4, 0, 4, 10, 4, 4, 2, 10, 0, 9, 0, 2, 9, 4, 0, 5, 0, 2]",0.08461141586303711
"[10, 20, 'DS', 'D-DIST', '1', 'S-RAND', 3]","[1, 3, 1, 3, 0, 4, 0, 1, 0, 0, 1, 0, 3, 4, 0, 1, 3, 0, 4, 0]",0.054351806640625
"[10, 20, 'DS', 'D-DIST', '1.5', 'S-AVG', 1]","[0, 2, 0, 0, 0, 0, 0, 0, 0, 0, 0, 0, 0, 0, 0, 0, 0, 0, 1, 1]",0.020984649658203125
"[10, 20, 'DS', 'D-DIST', '1.5', 'S-AVG', 2]","[2, 0, 0, 4, 4, 4, 4, 4, 0, 0, 0, 0, 0, 0, 4, 4, 4, 4, 0, 0]",0.05761218070983887
"[10, 20, 'DS', 'D-DIST', '1.5', 'S-AVG', 3]","[0, 0, 0, 1, 0, 0, 0, 0, 0, 5, 0, 3, 4, 2, 0, 0, 4, 0, 0, 4]",0.04799318313598633
"[10, 20, 'DS', 'D-DIST', '1.5', 'S-DIST', 1]","[15, 12, 3, 24, 6, 30, 18, 9, 12, 15, 12, 15, 30, 12, 15, 9, 0, 18, 21, 30]",0.22147393226623535
"[10, 20, 'DS', 'D-DIST', '1.5', 'S-DIST', 2]","[4, 15, 11, 19, 15, 11, 13, 17, 11, 8, 9, 15, 15, 0, 2, 2, 6, 9, 0, 8]",0.15963506698608398
"[10, 20, 'DS', 'D-DIST', '1.5', 'S-DIST', 3]","[16, 14, 16, 18, 14, 21, 7, 16, 16, 21, 9, 30, 7, 9, 30, 18, 14, 25, 16, 16]",0.30630946159362793
"[10, 20, 'DS', 'D-DIST', '1.5', 'S-RAND', 1]","[25, 25, 7, 15, 7, 9, 28, 30, 7, 20, 12, 5, 7, 27, 15, 22, 7, 12, 7, 30]",0.3286581039428711
"[10, 20, 'DS', 'D-DIST', '1.5', 'S-RAND', 2]","[0, 4, 13, 0, 1, 5, 4, 1, 10, 8, 0, 1, 12, 12, 8, 13, 12, 9, 0, 0]",0.08505773544311523
"[10, 20, 'DS', 'D-DIST', '1.5', 'S-RAND', 3]","[18, 28, 10, 10, 17, 23, 30, 12, 2, 0, 20, 13, 15, 15, 25, 23, 23, 23, 22, 8]",0.2579021453857422
"[10, 20, 'DS', 'D-RAND', '0.5', 'S-AVG', 1]","[0, 0, 0, 0, 0, 0, 0, 0, 0, 0, 0, 0, 0, 0, 0, 0, 0, 0, 0, 0]",0.004462242126464844
"[10, 20, 'DS', 'D-RAND', '0.5', 'S-AVG', 2]","[0, 0, 0, 0, 0, 0, 0, 0, 0, 1, 0, 0, 0, 0, 0, 0, 0, 0, 0, 0]",0.01909947395324707
"[10, 20, 'DS', 'D-RAND', '0.5', 'S-AVG', 3]","[0, 0, 0, 1, 0, 0, 0, 0, 0, 0, 0, 0, 0, 0, 0, 0, 0, 0, 0, 0]",0.016543865203857422
"[10, 20, 'DS', 'D-RAND', '0.5', 'S-DIST', 1]","[2, 3, 0, 1, 0, 2, 6, 3, 1, 0, 1, 1, 2, 3, 3, 3, 7, 1, 3, 3]",0.05965113639831543
"[10, 20, 'DS', 'D-RAND', '0.5', 'S-DIST', 2]","[6, 0, 2, 4, 3, 3, 5, 2, 2, 1, 6, 0, 4, 4, 3, 8, 6, 0, 4, 3]",0.06412386894226074
"[10, 20, 'DS', 'D-RAND', '0.5', 'S-DIST', 3]","[10, 6, 4, 4, 4, 6, 7, 9, 7, 8, 4, 9, 10, 6, 9, 7, 9, 6, 9, 5]",0.11829400062561035
"[10, 20, 'DS', 'D-RAND', '0.5', 'S-RAND', 1]","[3, 1, 2, 1, 0, 1, 1, 2, 1, 2, 1, 1, 2, 2, 1, 0, 0, 1, 0, 2]",0.030129432678222656
"[10, 20, 'DS', 'D-RAND', '0.5', 'S-RAND', 2]","[8, 9, 0, 4, 8, 6, 6, 6, 6, 6, 8, 10, 5, 8, 10, 6, 5, 6, 9, 6]",0.10709214210510254
"[10, 20, 'DS', 'D-RAND', '0.5', 'S-RAND', 3]","[2, 8, 7, 2, 2, 3, 5, 3, 8, 4, 9, 8, 0, 6, 6, 2, 1, 9, 1, 2]",0.08968687057495117
"[10, 20, 'DS', 'D-RAND', '1', 'S-AVG', 1]","[0, 0, 0, 0, 0, 0, 0, 0, 0, 1, 0, 0, 0, 0, 0, 0, 0, 0, 0, 0]",0.01967906951904297
"[10, 20, 'DS', 'D-RAND', '1', 'S-AVG', 2]","[11, 11, 10, 10, 10, 10, 10, 10, 10, 10, 11, 10, 10, 10, 10, 10, 10, 11, 10, 10]",0.22863435745239258
"[10, 20, 'DS', 'D-RAND', '1', 'S-AVG', 3]","[0, 0, 0, 0, 0, 0, 0, 0, 0, 0, 0, 0, 0, 0, 0, 0, 0, 0, 0, 0]",0.004471778869628906
"[10, 20, 'DS', 'D-RAND', '1', 'S-DIST', 1]","[10, 16, 13, 10, 16, 13, 10, 17, 10, 19, 8, 10, 14, 10, 5, 10, 10, 13, 0, 10]",0.2224888801574707
"[10, 20, 'DS', 'D-RAND', '1', 'S-DIST', 2]","[3, 1, 0, 4, 1, 0, 0, 1, 1, 1, 0, 7, 4, 11, 3, 0, 1, 2, 10, 0]",0.07611322402954102
"[10, 20, 'DS', 'D-RAND', '1', 'S-DIST', 3]","[16, 16, 10, 10, 20, 16, 12, 14, 12, 14, 12, 14, 12, 12, 18, 12, 12, 8, 12, 20]",0.2889888286590576
"[10, 20, 'DS', 'D-RAND', '1', 'S-RAND', 1]","[5, 4, 13, 0, 9, 8, 0, 13, 0, 5, 0, 1, 3, 14, 14, 1, 7, 7, 13, 6]",0.10477137565612793
"[10, 20, 'DS', 'D-RAND', '1', 'S-RAND', 2]","[19, 8, 0, 13, 15, 20, 19, 7, 11, 16, 20, 8, 14, 6, 13, 8, 18, 1, 8, 20]",0.15799307823181152
"[10, 20, 'DS', 'D-RAND', '1', 'S-RAND', 3]","[8, 10, 4, 16, 0, 10, 9, 6, 5, 10, 19, 18, 9, 2, 19, 13, 19, 5, 13, 3]",0.14818286895751953
"[10, 20, 'DS', 'D-RAND', '1.5', 'S-AVG', 1]","[0, 0, 0, 0, 0, 1, 1, 0, 0, 0, 1, 0, 0, 1, 0, 0, 1, 0, 1, 1]",0.02275252342224121
"[10, 20, 'DS', 'D-RAND', '1.5', 'S-AVG', 2]","[0, 0, 0, 0, 1, 0, 0, 1, 0, 0, 0, 0, 0, 0, 0, 0, 1, 0, 0, 0]",0.03125143051147461
"[10, 20, 'DS', 'D-RAND', '1.5', 'S-AVG', 3]","[0, 0, 0, 0, 0, 0, 0, 0, 0, 0, 0, 0, 0, 0, 0, 0, 0, 0, 0, 0]",0.0059583187103271484
"[10, 20, 'DS', 'D-RAND', '1.5', 'S-DIST', 1]","[30, 20, 26, 30, 23, 20, 20, 12, 21, 30, 26, 13, 17, 4, 20, 7, 20, 21, 20, 20]",0.28751516342163086
"[10, 20, 'DS', 'D-RAND', '1.5', 'S-DIST', 2]","[8, 6, 3, 12, 12, 12, 0, 12, 3, 8, 3, 24, 3, 10, 10, 6, 0, 8, 3, 12]",0.1950993537902832
"[10, 20, 'DS', 'D-RAND', '1.5', 'S-DIST', 3]","[12, 16, 8, 12, 14, 30, 9, 8, 10, 14, 16, 16, 16, 4, 6, 20, 16, 12, 20, 6]",0.22733044624328613
"[10, 20, 'DS', 'D-RAND', '1.5', 'S-RAND', 1]","[25, 0, 12, 7, 16, 28, 20, 25, 6, 12, 16, 28, 30, 21, 18, 12, 21, 13, 12, 14]",0.20583319664001465
"[10, 20, 'DS', 'D-RAND', '1.5', 'S-RAND', 2]","[8, 8, 10, 8, 28, 2, 3, 30, 22, 18, 18, 8, 5, 15, 5, 30, 10, 8, 0, 22]",0.2403268814086914
"[10, 20, 'DS', 'D-RAND', '1.5', 'S-RAND', 3]","[13, 2, 4, 26, 0, 26, 14, 13, 24, 16, 28, 16, 16, 13, 13, 28, 13, 28, 20, 10]",0.271836519241333
"[10, 20, 'OD', 'D-AVG', '0.5', 'S-AVG', 1]","[5, 5, 5, 5, 5, 5, 5, 5, 5, 6, 5, 5, 6, 5, 6, 5, 5, 5, 5, 5]",0.05500388145446777
"[10, 20, 'OD', 'D-AVG', '0.5', 'S-AVG', 2]","[5, 5, 5, 5, 5, 5, 5, 5, 5, 5, 5, 5, 5, 5, 5, 5, 5, 5, 5, 5]",0.053452491760253906
"[10, 20, 'OD', 'D-AVG', '0.5', 'S-AVG', 3]","[6, 10, 8, 7, 8, 8, 8, 5, 6, 7, 8, 8, 8, 8, 8, 8, 5, 8, 9, 7]",0.10448050498962402
"[10, 20, 'OD', 'D-AVG', '0.5', 'S-DIST', 1]","[5, 6, 0, 1, 3, 10, 9, 4, 10, 5, 5, 5, 5, 5, 3, 5, 5, 6, 6, 6]",0.0794363021850586
"[10, 20, 'OD', 'D-AVG', '0.5', 'S-DIST', 2]","[9, 8, 8, 4, 8, 8, 9, 8, 8, 7, 8, 10, 9, 8, 5, 8, 4, 8, 8, 4]",0.07932162284851074
"[10, 20, 'OD', 'D-AVG', '0.5', 'S-DIST', 3]","[9, 10, 7, 8, 8, 7, 7, 7, 7, 8, 8, 8, 7, 8, 8, 10, 8, 8, 4, 8]",0.10584187507629395
"[10, 20, 'OD', 'D-AVG', '0.5', 'S-RAND', 1]","[8, 7, 7, 7, 10, 8, 2, 7, 7, 8, 8, 8, 9, 8, 4, 5, 7, 7, 10, 6]",0.07714462280273438
"[10, 20, 'OD', 'D-AVG', '0.5', 'S-RAND', 2]","[10, 6, 6, 6, 7, 6, 6, 8, 6, 3, 9, 2, 9, 8, 6, 6, 6, 3, 4, 7]",0.09551692008972168
"[10, 20, 'OD', 'D-AVG', '0.5', 'S-RAND', 3]","[10, 5, 9, 8, 4, 5, 8, 2, 4, 3, 8, 7, 9, 4, 4, 5, 5, 8, 4, 7]",0.08515691757202148
"[10, 20, 'OD', 'D-AVG', '1', 'S-AVG', 1]","[14, 10, 12, 12, 10, 14, 14, 11, 14, 10, 14, 10, 14, 14, 14, 10, 14, 10, 10, 10]",0.12749290466308594
"[10, 20, 'OD', 'D-AVG', '1', 'S-AVG', 2]","[10, 10, 10, 10, 10, 10, 10, 10, 10, 10, 10, 10, 10, 10, 10, 10, 10, 10, 10, 10]",0.09510326385498047
"[10, 20, 'OD', 'D-AVG', '1', 'S-AVG', 3]","[17, 15, 15, 15, 13, 17, 16, 15, 17, 20, 15, 15, 13, 15, 17, 12, 12, 14, 17, 15]",0.20872092247009277
"[10, 20, 'OD', 'D-AVG', '1', 'S-DIST', 1]","[15, 20, 20, 15, 16, 13, 17, 15, 15, 5, 15, 10, 15, 15, 15, 18, 15, 11, 15, 15]",0.18379735946655273
"[10, 20, 'OD', 'D-AVG', '1', 'S-DIST', 2]","[12, 15, 8, 3, 2, 12, 0, 2, 7, 12, 12, 12, 12, 15, 20, 12, 12, 12, 10, 12]",0.1418602466583252
"[10, 20, 'OD', 'D-AVG', '1', 'S-DIST', 3]","[12, 7, 14, 15, 20, 6, 7, 15, 13, 15, 13, 15, 5, 15, 10, 15, 16, 17, 15, 15]",0.14422345161437988
"[10, 20, 'OD', 'D-AVG', '1', 'S-RAND', 1]","[12, 11, 8, 9, 10, 18, 9, 20, 18, 11, 9, 9, 4, 9, 16, 7, 6, 14, 10, 20]",0.15616512298583984
"[10, 20, 'OD', 'D-AVG', '1', 'S-RAND', 2]","[20, 3, 15, 18, 14, 6, 15, 12, 12, 8, 19, 11, 12, 16, 11, 7, 18, 16, 12, 9]",0.14742469787597656
"[10, 20, 'OD', 'D-AVG', '1', 'S-RAND', 3]","[15, 14, 12, 14, 15, 16, 15, 14, 16, 19, 10, 20, 20, 15, 14, 13, 11, 15, 15, 13]",0.1707444190979004
"[10, 20, 'OD', 'D-AVG', '1.5', 'S-AVG', 1]","[23, 22, 15, 23, 23, 21, 23, 20, 21, 24, 23, 23, 23, 15, 23, 25, 24, 23, 23, 23]",0.6584196090698242
"[10, 20, 'OD', 'D-AVG', '1.5', 'S-AVG', 2]","[20, 19, 20, 19, 20, 15, 19, 20, 25, 15, 21, 26, 21, 21, 22, 26, 20, 24, 20, 23]",0.24927997589111328
"[10, 20, 'OD', 'D-AVG', '1.5', 'S-AVG', 3]","[15, 23, 16, 15, 23, 15, 16, 15, 17, 15, 16, 23, 18, 15, 15, 15, 15, 15, 15, 15]",0.1719973087310791
"[10, 20, 'OD', 'D-AVG', '1.5', 'S-DIST', 1]","[11, 18, 21, 27, 24, 12, 27, 14, 24, 21, 30, 21, 21, 21, 21, 27, 24, 21, 27, 19]",0.2721724510192871
"[10, 20, 'OD', 'D-AVG', '1.5', 'S-DIST', 2]","[24, 24, 20, 12, 27, 29, 21, 26, 25, 20, 27, 24, 22, 22, 27, 13, 27, 24, 29, 23]",0.27887606620788574
"[10, 20, 'OD', 'D-AVG', '1.5', 'S-DIST', 3]","[19, 13, 30, 27, 16, 14, 27, 5, 23, 25, 22, 14, 25, 16, 11, 19, 3, 14, 14, 22]",0.23231291770935059
"[10, 20, 'OD', 'D-AVG', '1.5', 'S-RAND', 1]","[23, 9, 29, 0, 23, 30, 23, 29, 23, 28, 15, 30, 19, 23, 23, 8, 23, 25, 30, 28]",0.21708941459655762
"[10, 20, 'OD', 'D-AVG', '1.5', 'S-RAND', 2]","[26, 21, 17, 22, 22, 26, 23, 18, 11, 14, 15, 17, 23, 15, 23, 15, 12, 30, 26, 13]",0.2545633316040039
"[10, 20, 'OD', 'D-AVG', '1.5', 'S-RAND', 3]","[30, 27, 22, 24, 16, 16, 30, 30, 18, 30, 23, 17, 15, 18, 24, 16, 15, 26, 16, 20]",0.2412564754486084
"[10, 20, 'OD', 'D-DIST', '0.5', 'S-AVG', 1]","[5, 5, 5, 5, 5, 5, 5, 6, 6, 7, 5, 6, 5, 7, 5, 5, 5, 5, 7, 5]",0.06424880027770996
"[10, 20, 'OD', 'D-DIST', '0.5', 'S-AVG', 2]","[5, 5, 7, 5, 7, 5, 5, 5, 5, 5, 6, 5, 5, 5, 7, 5, 7, 5, 5, 7]",0.07762432098388672
"[10, 20, 'OD', 'D-DIST', '0.5', 'S-AVG', 3]","[7, 5, 7, 5, 5, 6, 5, 5, 5, 5, 5, 5, 5, 5, 5, 6, 5, 5, 5, 5]",0.06316304206848145
"[10, 20, 'OD', 'D-DIST', '0.5', 'S-DIST', 1]","[10, 8, 6, 6, 8, 6, 6, 6, 2, 5, 6, 6, 6, 6, 6, 9, 9, 7, 6, 9]",0.08868956565856934
"[10, 20, 'OD', 'D-DIST', '0.5', 'S-DIST', 2]","[7, 2, 6, 6, 3, 6, 7, 5, 4, 7, 5, 7, 6, 4, 7, 3, 10, 5, 8, 7]",0.0926206111907959
"[10, 20, 'OD', 'D-DIST', '0.5', 'S-DIST', 3]","[10, 8, 5, 9, 9, 8, 8, 9, 7, 9, 3, 9, 8, 10, 10, 9, 8, 5, 8, 4]",0.08118987083435059
"[10, 20, 'OD', 'D-DIST', '0.5', 'S-RAND', 1]","[6, 6, 5, 5, 8, 7, 2, 5, 5, 5, 5, 10, 3, 2, 8, 10, 3, 6, 2, 6]",0.11359238624572754
"[10, 20, 'OD', 'D-DIST', '0.5', 'S-RAND', 2]","[9, 7, 8, 6, 7, 8, 10, 8, 8, 6, 8, 2, 6, 4, 6, 9, 7, 10, 4, 10]",0.0842897891998291
"[10, 20, 'OD', 'D-DIST', '0.5', 'S-RAND', 3]","[7, 4, 9, 1, 2, 4, 4, 5, 4, 3, 4, 9, 9, 2, 4, 6, 4, 10, 10, 8]",0.09261775016784668
"[10, 20, 'OD', 'D-DIST', '1', 'S-AVG', 1]","[12, 15, 12, 13, 10, 15, 12, 15, 10, 12, 10, 12, 13, 15, 10, 10, 10, 12, 15, 11]",0.1500692367553711
"[10, 20, 'OD', 'D-DIST', '1', 'S-AVG', 2]","[15, 15, 10, 15, 15, 15, 15, 15, 15, 15, 15, 15, 15, 15, 15, 15, 15, 15, 10, 15]",0.14661955833435059
"[10, 20, 'OD', 'D-DIST', '1', 'S-AVG', 3]","[10, 12, 13, 10, 12, 12, 13, 12, 10, 10, 12, 10, 10, 12, 12, 12, 12, 13, 12, 12]",0.13116931915283203
"[10, 20, 'OD', 'D-DIST', '1', 'S-DIST', 1]","[16, 11, 13, 15, 4, 7, 4, 20, 9, 16, 11, 9, 11, 11, 7, 13, 7, 16, 0, 13]",0.1434955596923828
"[10, 20, 'OD', 'D-DIST', '1', 'S-DIST', 2]","[7, 13, 3, 13, 15, 15, 12, 17, 8, 13, 7, 17, 7, 3, 8, 2, 12, 12, 20, 0]",0.15540862083435059
"[10, 20, 'OD', 'D-DIST', '1', 'S-DIST', 3]","[10, 11, 1, 8, 20, 8, 11, 8, 10, 10, 14, 15, 6, 11, 8, 18, 14, 11, 11, 10]",0.1502382755279541
"[10, 20, 'OD', 'D-DIST', '1', 'S-RAND', 1]","[15, 15, 12, 18, 14, 15, 15, 15, 16, 15, 15, 7, 16, 15, 16, 15, 20, 15, 9, 18]",0.15070819854736328
"[10, 20, 'OD', 'D-DIST', '1', 'S-RAND', 2]","[11, 10, 20, 20, 17, 15, 4, 10, 13, 19, 8, 20, 12, 10, 8, 16, 14, 10, 10, 19]",0.18018603324890137
"[10, 20, 'OD', 'D-DIST', '1', 'S-RAND', 3]","[15, 18, 10, 9, 13, 12, 20, 20, 19, 15, 15, 12, 10, 16, 11, 20, 10, 20, 9, 11]",0.15375661849975586
"[10, 20, 'OD', 'D-DIST', '1.5', 'S-AVG', 1]","[21, 15, 15, 23, 23, 15, 15, 15, 15, 15, 23, 15, 15, 15, 23, 15, 15, 15, 23, 15]",0.1931602954864502
"[10, 20, 'OD', 'D-DIST', '1.5', 'S-AVG', 2]","[15, 15, 15, 15, 15, 15, 15, 15, 15, 15, 15, 15, 15, 15, 15, 15, 15, 15, 15, 15]",0.1385800838470459
"[10, 20, 'OD', 'D-DIST', '1.5', 'S-AVG', 3]","[15, 15, 15, 17, 15, 15, 15, 15, 15, 15, 15, 15, 16, 15, 15, 15, 17, 15, 15, 15]",0.1714472770690918
"[10, 20, 'OD', 'D-DIST', '1.5', 'S-DIST', 1]","[13, 13, 11, 15, 1, 23, 0, 13, 9, 13, 0, 5, 13, 8, 13, 13, 13, 15, 15, 24]",0.18212604522705078
"[10, 20, 'OD', 'D-DIST', '1.5', 'S-DIST', 2]","[20, 20, 30, 23, 8, 20, 21, 20, 20, 19, 27, 14, 9, 20, 27, 30, 20, 18, 16, 20]",0.25353169441223145
"[10, 20, 'OD', 'D-DIST', '1.5', 'S-DIST', 3]","[22, 13, 30, 20, 18, 23, 23, 10, 25, 23, 28, 18, 15, 18, 23, 23, 26, 22, 23, 23]",0.2066199779510498
"[10, 20, 'OD', 'D-DIST', '1.5', 'S-RAND', 1]","[27, 28, 20, 23, 25, 22, 30, 22, 22, 23, 23, 23, 22, 15, 22, 20, 23, 22, 20, 22]",0.22099852561950684
"[10, 20, 'OD', 'D-DIST', '1.5', 'S-RAND', 2]","[21, 16, 23, 26, 23, 19, 23, 23, 30, 23, 24, 19, 23, 23, 18, 23, 17, 23, 23, 25]",0.2636103630065918
"[10, 20, 'OD', 'D-DIST', '1.5', 'S-RAND', 3]","[23, 23, 23, 23, 18, 8, 5, 26, 23, 23, 11, 23, 14, 13, 28, 30, 23, 23, 23, 13]",0.20831799507141113
"[10, 20, 'OD', 'D-RAND', '0.5', 'S-AVG', 1]","[7, 5, 5, 5, 5, 5, 5, 7, 6, 5, 6, 5, 8, 6, 5, 7, 5, 5, 6, 5]",0.07052350044250488
"[10, 20, 'OD', 'D-RAND', '0.5', 'S-AVG', 2]","[5, 5, 5, 5, 5, 5, 5, 5, 5, 5, 5, 5, 5, 5, 5, 5, 5, 5, 5, 5]",0.0601348876953125
"[10, 20, 'OD', 'D-RAND', '0.5', 'S-AVG', 3]","[5, 5, 5, 5, 5, 6, 5, 5, 5, 5, 5, 5, 5, 5, 6, 8, 5, 7, 5, 5]",0.06321358680725098
"[10, 20, 'OD', 'D-RAND', '0.5', 'S-DIST', 1]","[5, 8, 8, 8, 8, 6, 8, 7, 8, 5, 8, 8, 10, 9, 3, 8, 4, 4, 8, 8]",0.09311032295227051
"[10, 20, 'OD', 'D-RAND', '0.5', 'S-DIST', 2]","[4, 7, 8, 7, 7, 6, 5, 7, 6, 8, 8, 6, 8, 7, 4, 7, 3, 6, 9, 10]",0.10284280776977539
"[10, 20, 'OD', 'D-RAND', '0.5', 'S-DIST', 3]","[6, 10, 5, 8, 6, 9, 8, 8, 10, 8, 5, 9, 8, 6, 8, 8, 6, 4, 9, 8]",0.08117198944091797
"[10, 20, 'OD', 'D-RAND', '0.5', 'S-RAND', 1]","[6, 1, 6, 10, 5, 6, 6, 10, 4, 1, 10, 6, 4, 9, 5, 8, 6, 6, 6, 7]",0.08191490173339844
"[10, 20, 'OD', 'D-RAND', '0.5', 'S-RAND', 2]","[1, 7, 5, 7, 7, 7, 5, 3, 7, 7, 7, 7, 5, 10, 5, 7, 3, 7, 7, 5]",0.07950544357299805
"[10, 20, 'OD', 'D-RAND', '0.5', 'S-RAND', 3]","[10, 9, 4, 2, 1, 8, 10, 1, 8, 10, 9, 1, 6, 1, 7, 6, 6, 1, 4, 3]",0.07545280456542969
"[10, 20, 'OD', 'D-RAND', '1', 'S-AVG', 1]","[12, 10, 10, 11, 11, 15, 10, 10, 10, 10, 10, 10, 10, 10, 13, 10, 12, 10, 12, 10]",0.10544538497924805
"[10, 20, 'OD', 'D-RAND', '1', 'S-AVG', 2]","[10, 12, 11, 15, 10, 10, 10, 10, 15, 12, 14, 14, 14, 16, 10, 10, 14, 11, 14, 10]",0.13846969604492188
"[10, 20, 'OD', 'D-RAND', '1', 'S-AVG', 3]","[10, 10, 10, 14, 10, 10, 10, 10, 12, 10, 12, 10, 10, 10, 10, 10, 10, 10, 11, 10]",0.10353302955627441
"[10, 20, 'OD', 'D-RAND', '1', 'S-DIST', 1]","[2, 10, 11, 9, 5, 6, 11, 8, 2, 8, 2, 8, 4, 11, 0, 10, 9, 9, 2, 12]",0.09132719039916992
"[10, 20, 'OD', 'D-RAND', '1', 'S-DIST', 2]","[15, 15, 15, 13, 13, 15, 16, 15, 8, 15, 18, 15, 13, 15, 18, 14, 5, 20, 15, 15]",0.15819358825683594
"[10, 20, 'OD', 'D-RAND', '1', 'S-DIST', 3]","[9, 15, 13, 15, 11, 15, 17, 15, 15, 7, 20, 17, 13, 15, 15, 9, 10, 15, 15, 16]",0.16591429710388184
"[10, 20, 'OD', 'D-RAND', '1', 'S-RAND', 1]","[11, 11, 10, 11, 19, 11, 14, 20, 11, 16, 7, 11, 13, 12, 11, 14, 11, 13, 13, 11]",0.14209794998168945
"[10, 20, 'OD', 'D-RAND', '1', 'S-RAND', 2]","[15, 15, 20, 15, 15, 19, 11, 15, 15, 20, 12, 15, 15, 5, 18, 20, 15, 15, 15, 15]",0.13914918899536133
"[10, 20, 'OD', 'D-RAND', '1', 'S-RAND', 3]","[17, 15, 14, 13, 13, 19, 15, 15, 15, 15, 16, 16, 16, 19, 15, 16, 13, 16, 20, 15]",0.14169812202453613
"[10, 20, 'OD', 'D-RAND', '1.5', 'S-AVG', 1]","[16, 15, 15, 16, 15, 18, 15, 15, 15, 15, 16, 15, 15, 15, 15, 23, 17, 16, 16, 16]",0.18518805503845215
"[10, 20, 'OD', 'D-RAND', '1.5', 'S-AVG', 2]","[19, 15, 18, 15, 16, 16, 15, 15, 19, 15, 15, 15, 15, 15, 15, 15, 19, 17, 16, 16]",0.161238431930542
"[10, 20, 'OD', 'D-RAND', '1.5', 'S-AVG', 3]","[23, 19, 23, 23, 23, 23, 23, 15, 18, 23, 25, 15, 21, 21, 23, 23, 18, 23, 19, 20]",0.19860291481018066
"[10, 20, 'OD', 'D-RAND', '1.5', 'S-DIST', 1]","[26, 23, 11, 24, 11, 16, 24, 23, 23, 23, 26, 23, 14, 28, 28, 23, 17, 23, 30, 23]",0.20864129066467285
"[10, 20, 'OD', 'D-RAND', '1.5', 'S-DIST', 2]","[16, 11, 25, 12, 18, 14, 14, 5, 14, 14, 30, 21, 23, 9, 18, 16, 9, 18, 13, 16]",0.20333456993103027
"[10, 20, 'OD', 'D-RAND', '1.5', 'S-DIST', 3]","[20, 23, 23, 23, 7, 7, 13, 13, 13, 6, 20, 10, 12, 27, 13, 13, 20, 30, 13, 13]",0.20907187461853027
"[10, 20, 'OD', 'D-RAND', '1.5', 'S-RAND', 1]","[20, 23, 15, 30, 17, 2, 15, 17, 5, 18, 30, 27, 12, 15, 12, 18, 13, 21, 15, 15]",0.21812009811401367
"[10, 20, 'OD', 'D-RAND', '1.5', 'S-RAND', 2]","[8, 28, 23, 22, 30, 23, 30, 6, 19, 2, 8, 2, 13, 28, 5, 28, 0, 8, 9, 26]",0.18706536293029785
"[10, 20, 'OD', 'D-RAND', '1.5', 'S-RAND', 3]","[30, 15, 4, 23, 4, 6, 23, 30, 23, 23, 23, 23, 25, 28, 23, 8, 26, 23, 7, 14]",0.19054055213928223
"[10, 50, 'UD', 'D-AVG', '0.5', 'S-AVG', 1]","[0, 0, 0, 0, 0, 0, 0, 0, 0, 0, 0, 0, 0, 0, 0, 0, 0, 0, 0, 0, 0, 0, 0, 0, 0, 0, 0, 0, 0, 0, 0, 0, 0, 0, 0, 0, 0, 0, 0, 0, 0, 0, 0, 0, 0, 0, 0, 0, 0, 0]",0.020495176315307617
"[10, 50, 'UD', 'D-AVG', '0.5', 'S-AVG', 2]","[0, 0, 0, 0, 0, 0, 0, 0, 0, 0, 0, 0, 0, 0, 0, 0, 0, 0, 0, 0, 0, 0, 0, 0, 0, 0, 0, 0, 0, 0, 0, 0, 0, 0, 0, 0, 0, 0, 0, 0, 0, 0, 0, 0, 0, 0, 0, 0, 0, 0]",0.0171816349029541
"[10, 50, 'UD', 'D-AVG', '0.5', 'S-AVG', 3]","[0, 0, 0, 0, 0, 0, 0, 0, 0, 0, 0, 0, 0, 0, 0, 0, 0, 0, 0, 0, 0, 0, 0, 0, 0, 0, 0, 0, 0, 0, 0, 0, 0, 0, 0, 0, 0, 0, 0, 0, 0, 0, 0, 0, 0, 0, 0, 0, 0, 0]",0.01899242401123047
"[10, 50, 'UD', 'D-AVG', '0.5', 'S-DIST', 1]","[0, 0, 0, 8, 1, 0, 0, 3, 0, 3, 0, 8, 0, 0, 1, 0, 0, 3, 0, 0, 0, 1, 1, 0, 0, 0, 1, 3, 8, 1, 3, 3, 0, 0, 13, 0, 1, 0, 6, 0, 10, 5, 0, 0, 0, 0, 0, 10, 3, 0]",0.2908658981323242
"[10, 50, 'UD', 'D-AVG', '0.5', 'S-DIST', 2]","[6, 0, 2, 0, 0, 0, 0, 0, 2, 0, 0, 2, 2, 0, 0, 2, 1, 0, 2, 0, 0, 0, 4, 6, 0, 0, 0, 0, 2, 2, 0, 0, 2, 0, 0, 0, 0, 0, 0, 0, 0, 0, 0, 0, 0, 4, 0, 4, 2, 4]",0.1358189582824707
"[10, 50, 'UD', 'D-AVG', '0.5', 'S-DIST', 3]","[0, 0, 8, 2, 4, 6, 0, 6, 0, 1, 0, 0, 2, 8, 0, 0, 4, 4, 10, 0, 0, 2, 2, 6, 2, 0, 0, 0, 0, 0, 0, 10, 0, 0, 0, 0, 2, 0, 0, 0, 0, 4, 0, 0, 8, 2, 6, 6, 2, 8]",0.2371060848236084
"[10, 50, 'UD', 'D-AVG', '0.5', 'S-RAND', 1]","[0, 0, 0, 7, 12, 0, 0, 9, 0, 12, 0, 0, 4, 0, 0, 0, 1, 7, 7, 13, 0, 4, 2, 0, 4, 0, 3, 0, 0, 0, 6, 0, 0, 0, 6, 0, 10, 0, 7, 6, 3, 13, 0, 0, 0, 0, 13, 13, 0, 0]",0.2668623924255371
"[10, 50, 'UD', 'D-AVG', '0.5', 'S-RAND', 2]","[1, 8, 0, 0, 0, 10, 0, 3, 4, 1, 11, 3, 0, 0, 5, 11, 0, 0, 0, 0, 11, 0, 0, 0, 11, 0, 0, 11, 0, 3, 0, 5, 0, 0, 5, 0, 0, 0, 0, 3, 4, 3, 7, 8, 0, 0, 0, 0, 0, 5]",0.22816801071166992
"[10, 50, 'UD', 'D-AVG', '0.5', 'S-RAND', 3]","[0, 4, 2, 0, 0, 13, 0, 0, 8, 13, 0, 13, 0, 0, 0, 10, 1, 0, 10, 2, 0, 2, 0, 0, 0, 0, 12, 8, 13, 6, 0, 8, 0, 8, 8, 0, 1, 2, 9, 5, 0, 0, 0, 2, 9, 0, 5, 4, 2, 0]",0.31729841232299805
"[10, 50, 'UD', 'D-AVG', '1', 'S-AVG', 1]","[0, 0, 0, 0, 0, 0, 0, 0, 1, 0, 0, 0, 0, 0, 0, 0, 0, 0, 0, 0, 0, 0, 0, 0, 0, 0, 0, 0, 0, 0, 0, 0, 0, 0, 1, 0, 0, 0, 0, 0, 0, 0, 0, 0, 0, 1, 0, 0, 0, 0]",0.06458497047424316
"[10, 50, 'UD', 'D-AVG', '1', 'S-AVG', 2]","[0, 0, 0, 0, 0, 0, 0, 0, 0, 0, 0, 0, 0, 0, 0, 0, 0, 0, 0, 0, 0, 0, 0, 0, 0, 0, 0, 0, 0, 0, 0, 0, 0, 0, 0, 0, 0, 0, 0, 0, 0, 0, 0, 0, 0, 0, 0, 0, 0, 0]",0.019536495208740234
"[10, 50, 'UD', 'D-AVG', '1', 'S-AVG', 3]","[0, 0, 0, 0, 0, 0, 0, 0, 0, 0, 0, 0, 0, 0, 0, 0, 0, 0, 0, 0, 0, 0, 0, 0, 0, 0, 0, 0, 0, 0, 0, 0, 0, 0, 0, 0, 0, 0, 0, 0, 0, 0, 0, 0, 0, 0, 0, 0, 0, 0]",0.026831388473510742
"[10, 50, 'UD', 'D-AVG', '1', 'S-DIST', 1]","[24, 0, 0, 3, 0, 0, 0, 0, 6, 0, 0, 0, 0, 12, 0, 0, 0, 0, 9, 0, 0, 0, 0, 0, 0, 9, 0, 0, 0, 6, 0, 5, 0, 0, 0, 0, 0, 12, 12, 0, 12, 0, 3, 0, 15, 0, 0, 0, 6, 6]",0.4543588161468506
"[10, 50, 'UD', 'D-AVG', '1', 'S-DIST', 2]","[0, 0, 0, 7, 11, 0, 0, 0, 0, 0, 0, 4, 4, 0, 18, 0, 0, 0, 0, 0, 0, 0, 0, 0, 0, 0, 0, 0, 0, 0, 0, 0, 0, 0, 0, 0, 0, 0, 0, 0, 2, 0, 0, 0, 0, 0, 0, 0, 0, 0]",0.32574939727783203
"[10, 50, 'UD', 'D-AVG', '1', 'S-DIST', 3]","[5, 0, 13, 13, 0, 0, 0, 0, 17, 0, 0, 0, 0, 0, 9, 9, 0, 9, 0, 0, 9, 13, 0, 0, 0, 0, 0, 0, 0, 0, 9, 0, 13, 0, 9, 5, 0, 0, 0, 0, 0, 0, 13, 9, 0, 0, 0, 0, 0, 9]",0.3456430435180664
"[10, 50, 'UD', 'D-AVG', '1', 'S-RAND', 1]","[24, 3, 0, 0, 19, 1, 0, 19, 0, 14, 22, 0, 0, 24, 5, 0, 14, 3, 10, 0, 0, 5, 0, 5, 0, 0, 14, 0, 17, 0, 0, 19, 17, 22, 0, 0, 7, 24, 0, 19, 0, 0, 14, 0, 3, 0, 24, 19, 10, 10]",0.5219974517822266
"[10, 50, 'UD', 'D-AVG', '1', 'S-RAND', 2]","[0, 0, 0, 0, 0, 0, 0, 0, 0, 0, 0, 0, 0, 0, 0, 0, 0, 0, 0, 0, 0, 0, 0, 0, 3, 0, 0, 0, 0, 0, 0, 0, 0, 0, 0, 0, 0, 0, 0, 0, 0, 0, 0, 0, 0, 0, 0, 0, 0, 0]",0.08670854568481445
"[10, 50, 'UD', 'D-AVG', '1', 'S-RAND', 3]","[9, 16, 16, 0, 0, 18, 9, 12, 16, 0, 12, 3, 23, 0, 5, 0, 0, 0, 21, 23, 21, 16, 0, 0, 3, 21, 23, 0, 0, 0, 23, 5, 18, 7, 7, 9, 0, 0, 0, 0, 12, 16, 0, 9, 0, 0, 18, 0, 0, 0]",0.5704126358032227
"[10, 50, 'UD', 'D-AVG', '1.5', 'S-AVG', 1]","[0, 0, 0, 0, 0, 0, 0, 0, 0, 0, 0, 0, 0, 0, 0, 0, 0, 0, 0, 0, 0, 0, 0, 0, 0, 0, 0, 0, 0, 0, 0, 0, 0, 0, 0, 0, 0, 0, 0, 0, 0, 0, 0, 0, 0, 0, 0, 0, 0, 0]",0.021139860153198242
"[10, 50, 'UD', 'D-AVG', '1.5', 'S-AVG', 2]","[0, 0, 0, 0, 0, 2, 0, 0, 0, 0, 0, 0, 0, 0, 0, 0, 0, 0, 0, 0, 0, 0, 0, 0, 0, 0, 0, 0, 0, 0, 0, 1, 0, 0, 0, 0, 0, 0, 0, 0, 0, 0, 0, 0, 0, 0, 0, 0, 0, 0]",0.09269237518310547
"[10, 50, 'UD', 'D-AVG', '1.5', 'S-AVG', 3]","[0, 0, 0, 0, 0, 0, 0, 0, 0, 0, 0, 0, 0, 0, 0, 0, 0, 0, 0, 0, 0, 0, 0, 0, 0, 0, 0, 0, 0, 0, 0, 0, 0, 0, 0, 0, 0, 0, 0, 0, 0, 0, 0, 0, 0, 0, 0, 0, 0, 0]",0.01683211326599121
"[10, 50, 'UD', 'D-AVG', '1.5', 'S-DIST', 1]","[10, 0, 0, 0, 0, 0, 0, 0, 0, 0, 5, 30, 5, 5, 0, 0, 5, 0, 15, 0, 0, 0, 0, 10, 0, 10, 5, 0, 0, 0, 0, 0, 0, 30, 0, 30, 0, 0, 25, 10, 0, 0, 0, 0, 0, 30, 10, 0, 0, 15]",0.5599048137664795
"[10, 50, 'UD', 'D-AVG', '1.5', 'S-DIST', 2]","[0, 0, 0, 0, 11, 0, 5, 0, 5, 32, 0, 27, 11, 0, 0, 0, 0, 0, 0, 0, 0, 0, 5, 0, 2, 16, 0, 21, 0, 0, 11, 0, 16, 0, 16, 5, 5, 0, 5, 0, 11, 0, 5, 0, 27, 0, 0, 5, 0, 0]",0.6298949718475342
"[10, 50, 'UD', 'D-AVG', '1.5', 'S-DIST', 3]","[0, 11, 16, 0, 0, 0, 27, 0, 0, 0, 11, 0, 0, 0, 11, 6, 27, 0, 0, 11, 0, 0, 0, 0, 11, 6, 0, 0, 16, 16, 6, 6, 0, 16, 0, 0, 0, 0, 0, 0, 0, 22, 0, 6, 0, 6, 0, 0, 0, 0]",0.5490081310272217
"[10, 50, 'UD', 'D-AVG', '1.5', 'S-RAND', 1]","[0, 7, 23, 0, 0, 0, 23, 0, 0, 7, 19, 7, 19, 0, 26, 0, 0, 0, 4, 26, 0, 0, 4, 0, 23, 30, 0, 0, 0, 0, 0, 0, 26, 26, 0, 0, 0, 26, 0, 26, 11, 0, 23, 0, 30, 0, 15, 0, 11, 0]",0.6052358150482178
"[10, 50, 'UD', 'D-AVG', '1.5', 'S-RAND', 2]","[10, 0, 0, 0, 0, 22, 5, 0, 6, 0, 30, 2, 6, 0, 6, 14, 0, 30, 0, 0, 30, 2, 10, 7, 18, 26, 14, 26, 0, 10, 0, 0, 0, 0, 38, 4, 30, 26, 3, 0, 2, 26, 38, 22, 6, 5, 22, 0, 0, 10]",0.7932384014129639
"[10, 50, 'UD', 'D-AVG', '1.5', 'S-RAND', 3]","[8, 0, 37, 8, 8, 8, 0, 0, 0, 37, 0, 37, 0, 0, 0, 0, 24, 0, 0, 2, 4, 4, 12, 0, 0, 0, 0, 0, 24, 37, 37, 1, 0, 4, 0, 0, 4, 0, 12, 37, 4, 0, 24, 0, 0, 4, 0, 12, 37, 16]",0.7744948863983154
"[10, 50, 'UD', 'D-DIST', '0.5', 'S-AVG', 1]","[0, 1, 0, 0, 0, 0, 0, 0, 0, 0, 0, 0, 0, 0, 0, 0, 0, 0, 0, 0, 0, 0, 0, 0, 0, 0, 0, 0, 0, 0, 0, 0, 0, 0, 0, 0, 0, 0, 1, 0, 0, 0, 0, 0, 0, 0, 0, 0, 0, 0]",0.06906390190124512
"[10, 50, 'UD', 'D-DIST', '0.5', 'S-AVG', 2]","[0, 0, 0, 0, 0, 0, 0, 0, 0, 0, 0, 0, 2, 0, 0, 0, 0, 0, 0, 0, 0, 0, 0, 0, 0, 0, 0, 2, 0, 0, 0, 0, 0, 0, 0, 0, 0, 0, 0, 0, 0, 0, 0, 0, 0, 0, 0, 0, 0, 0]",0.09134721755981445
"[10, 50, 'UD', 'D-DIST', '0.5', 'S-AVG', 3]","[0, 0, 0, 0, 0, 0, 0, 0, 0, 0, 0, 0, 0, 0, 0, 0, 0, 0, 0, 0, 0, 0, 0, 0, 0, 0, 0, 0, 0, 0, 0, 0, 0, 0, 0, 0, 0, 0, 0, 0, 0, 0, 0, 0, 0, 0, 0, 0, 0, 0]",0.01861739158630371
"[10, 50, 'UD', 'D-DIST', '0.5', 'S-DIST', 1]","[0, 0, 5, 0, 0, 1, 4, 3, 1, 0, 3, 0, 3, 5, 0, 0, 0, 0, 0, 1, 0, 0, 3, 3, 0, 0, 0, 0, 0, 8, 0, 0, 3, 5, 1, 0, 0, 0, 0, 0, 0, 11, 0, 0, 4, 5, 0, 0, 0, 0]",0.2576594352722168
"[10, 50, 'UD', 'D-DIST', '0.5', 'S-DIST', 2]","[4, 0, 4, 0, 0, 0, 5, 0, 0, 0, 0, 5, 7, 0, 5, 9, 0, 2, 0, 0, 0, 0, 7, 0, 0, 2, 0, 0, 4, 0, 0, 0, 5, 0, 0, 0, 7, 0, 2, 0, 0, 2, 12, 0, 4, 0, 0, 0, 2, 2]",0.24950003623962402
"[10, 50, 'UD', 'D-DIST', '0.5', 'S-DIST', 3]","[1, 0, 0, 1, 7, 5, 5, 5, 7, 7, 1, 1, 0, 0, 11, 0, 0, 0, 5, 3, 0, 0, 0, 5, 3, 1, 0, 1, 9, 1, 1, 0, 3, 0, 13, 3, 0, 3, 0, 0, 1, 3, 1, 5, 9, 0, 3, 0, 13, 7]",0.35582900047302246
"[10, 50, 'UD', 'D-DIST', '0.5', 'S-RAND', 1]","[0, 0, 0, 0, 0, 0, 0, 0, 0, 0, 0, 0, 0, 0, 0, 0, 0, 0, 0, 1, 0, 0, 0, 0, 0, 0, 0, 0, 0, 0, 0, 0, 0, 0, 1, 0, 0, 0, 0, 0, 0, 0, 0, 1, 0, 0, 0, 0, 0, 0]",0.04815554618835449
"[10, 50, 'UD', 'D-DIST', '0.5', 'S-RAND', 2]","[0, 0, 0, 0, 0, 0, 0, 0, 0, 0, 0, 0, 0, 0, 0, 0, 0, 0, 0, 0, 0, 0, 0, 0, 0, 0, 0, 0, 0, 0, 0, 0, 0, 0, 0, 0, 0, 0, 0, 0, 0, 0, 0, 0, 0, 0, 0, 0, 0, 0]",0.013909101486206055
"[10, 50, 'UD', 'D-DIST', '0.5', 'S-RAND', 3]","[0, 0, 0, 5, 0, 0, 0, 10, 0, 0, 0, 13, 0, 13, 2, 5, 2, 10, 4, 0, 0, 8, 7, 0, 0, 7, 0, 0, 0, 0, 8, 0, 0, 7, 0, 2, 13, 10, 0, 11, 0, 0, 0, 2, 5, 0, 5, 13, 2, 5]",0.28624963760375977
"[10, 50, 'UD', 'D-DIST', '1', 'S-AVG', 1]","[0, 0, 0, 0, 0, 0, 0, 0, 0, 0, 0, 0, 0, 0, 0, 0, 0, 0, 0, 0, 0, 0, 0, 0, 0, 0, 0, 0, 0, 0, 0, 0, 0, 0, 0, 0, 0, 0, 0, 0, 0, 0, 0, 0, 0, 0, 0, 0, 0, 0]",0.016562461853027344
"[10, 50, 'UD', 'D-DIST', '1', 'S-AVG', 2]","[0, 0, 1, 0, 0, 0, 0, 0, 0, 0, 0, 0, 0, 0, 0, 0, 0, 0, 0, 0, 0, 0, 0, 0, 0, 0, 0, 0, 0, 0, 0, 0, 0, 2, 0, 0, 0, 0, 2, 0, 0, 0, 0, 0, 0, 0, 4, 0, 0, 2]",0.1177225112915039
"[10, 50, 'UD', 'D-DIST', '1', 'S-AVG', 3]","[0, 0, 0, 0, 0, 0, 0, 0, 0, 0, 0, 0, 0, 0, 0, 0, 0, 0, 0, 1, 0, 0, 0, 0, 0, 0, 0, 0, 0, 0, 0, 0, 0, 0, 0, 0, 0, 0, 0, 0, 0, 0, 0, 0, 0, 0, 0, 0, 0, 0]",0.0705254077911377
"[10, 50, 'UD', 'D-DIST', '1', 'S-DIST', 1]","[0, 3, 0, 3, 0, 0, 0, 0, 0, 0, 0, 0, 0, 0, 0, 0, 0, 10, 0, 0, 0, 0, 0, 0, 7, 0, 0, 0, 0, 0, 0, 0, 0, 0, 0, 0, 10, 0, 0, 0, 0, 0, 0, 0, 0, 0, 0, 0, 0, 0]",0.19537019729614258
"[10, 50, 'UD', 'D-DIST', '1', 'S-DIST', 2]","[0, 1, 8, 0, 8, 0, 0, 1, 4, 0, 0, 0, 0, 0, 8, 0, 1, 0, 1, 0, 0, 1, 0, 1, 1, 1, 15, 2, 0, 0, 0, 0, 0, 0, 0, 0, 1, 0, 0, 0, 0, 0, 0, 0, 4, 0, 0, 1, 8, 0]",0.3341703414916992
"[10, 50, 'UD', 'D-DIST', '1', 'S-DIST', 3]","[0, 0, 3, 5, 3, 0, 14, 0, 5, 0, 0, 0, 0, 11, 0, 0, 0, 0, 0, 3, 0, 0, 3, 0, 0, 0, 0, 5, 3, 0, 3, 0, 0, 0, 0, 0, 11, 0, 0, 0, 3, 8, 5, 0, 0, 0, 0, 22, 0, 8]",0.4259335994720459
"[10, 50, 'UD', 'D-DIST', '1', 'S-RAND', 1]","[1, 0, 6, 0, 0, 0, 0, 0, 0, 0, 0, 0, 0, 0, 0, 0, 0, 0, 0, 0, 0, 1, 3, 0, 0, 0, 0, 5, 3, 0, 0, 0, 0, 0, 0, 0, 0, 0, 0, 0, 0, 0, 0, 0, 1, 0, 0, 0, 0, 0]",0.16019368171691895
"[10, 50, 'UD', 'D-DIST', '1', 'S-RAND', 2]","[0, 0, 0, 12, 18, 0, 4, 18, 0, 0, 12, 0, 0, 18, 7, 1, 0, 1, 0, 0, 0, 12, 1, 4, 0, 4, 0, 1, 0, 0, 0, 0, 0, 0, 0, 0, 0, 0, 0, 0, 0, 0, 0, 12, 12, 12, 0, 4, 10, 0]",0.35532379150390625
"[10, 50, 'UD', 'D-DIST', '1', 'S-RAND', 3]","[0, 7, 0, 10, 2, 1, 0, 0, 0, 0, 0, 24, 5, 0, 5, 2, 10, 2, 0, 0, 0, 24, 10, 0, 0, 21, 0, 21, 5, 0, 24, 2, 5, 13, 0, 0, 0, 16, 5, 5, 0, 0, 0, 2, 0, 24, 24, 21, 16, 0]",0.5176100730895996
"[10, 50, 'UD', 'D-DIST', '1.5', 'S-AVG', 1]","[0, 0, 0, 0, 0, 0, 0, 0, 0, 0, 0, 0, 0, 0, 0, 0, 0, 0, 0, 0, 0, 0, 0, 0, 0, 0, 0, 0, 0, 0, 0, 0, 0, 0, 0, 0, 0, 0, 0, 0, 0, 0, 0, 0, 0, 0, 0, 0, 0, 0]",0.020417213439941406
"[10, 50, 'UD', 'D-DIST', '1.5', 'S-AVG', 2]","[0, 0, 0, 0, 0, 0, 0, 0, 0, 0, 0, 0, 0, 0, 0, 0, 0, 0, 0, 0, 0, 0, 0, 0, 0, 0, 0, 0, 0, 0, 0, 0, 0, 0, 0, 0, 0, 0, 0, 0, 0, 0, 0, 0, 0, 0, 0, 0, 0, 0]",0.025147676467895508
"[10, 50, 'UD', 'D-DIST', '1.5', 'S-AVG', 3]","[0, 0, 0, 0, 0, 0, 0, 0, 0, 0, 0, 0, 0, 0, 0, 0, 0, 0, 0, 0, 0, 0, 0, 0, 0, 0, 0, 0, 0, 0, 0, 0, 0, 0, 0, 0, 0, 0, 0, 0, 0, 0, 0, 0, 0, 1, 0, 0, 0, 0]",0.06589198112487793
"[10, 50, 'UD', 'D-DIST', '1.5', 'S-DIST', 1]","[0, 0, 0, 0, 0, 0, 0, 5, 0, 0, 25, 0, 0, 0, 0, 0, 0, 0, 0, 5, 0, 5, 0, 5, 0, 0, 15, 0, 5, 0, 0, 0, 0, 0, 0, 0, 0, 0, 0, 0, 0, 0, 0, 10, 0, 0, 0, 0, 0, 5]",0.45093369483947754
"[10, 50, 'UD', 'D-DIST', '1.5', 'S-DIST', 2]","[4, 22, 0, 7, 14, 37, 0, 0, 22, 0, 0, 0, 0, 0, 37, 30, 0, 7, 0, 1, 7, 0, 14, 30, 0, 22, 0, 0, 22, 7, 0, 14, 0, 6, 0, 14, 0, 0, 0, 0, 7, 0, 7, 14, 22, 22, 22, 0, 0, 0]",0.7878286838531494
"[10, 50, 'UD', 'D-DIST', '1.5', 'S-DIST', 3]","[0, 0, 0, 0, 0, 0, 14, 0, 0, 4, 0, 0, 0, 0, 0, 0, 0, 4, 0, 0, 0, 0, 4, 0, 0, 2, 3, 0, 9, 0, 9, 37, 0, 0, 0, 0, 0, 0, 4, 4, 0, 0, 0, 0, 0, 0, 0, 0, 23, 0]",0.6393542289733887
"[10, 50, 'UD', 'D-DIST', '1.5', 'S-RAND', 1]","[24, 0, 28, 32, 0, 0, 0, 0, 11, 0, 0, 0, 24, 3, 0, 0, 0, 2, 0, 0, 24, 3, 0, 32, 0, 7, 0, 32, 3, 15, 0, 11, 7, 11, 0, 15, 3, 0, 24, 24, 3, 0, 0, 0, 11, 0, 0, 0, 28, 0]",0.6650609970092773
"[10, 50, 'UD', 'D-DIST', '1.5', 'S-RAND', 2]","[37, 0, 17, 0, 41, 25, 0, 0, 29, 33, 0, 37, 37, 0, 0, 13, 9, 13, 21, 29, 41, 25, 5, 25, 13, 0, 0, 0, 0, 41, 5, 13, 21, 0, 0, 9, 2, 0, 0, 5, 17, 1, 0, 25, 5, 37, 4, 0, 0, 0]",0.8873863220214844
"[10, 50, 'UD', 'D-DIST', '1.5', 'S-RAND', 3]","[0, 0, 0, 0, 0, 4, 0, 12, 0, 0, 0, 17, 0, 0, 0, 0, 12, 0, 0, 0, 21, 12, 0, 0, 12, 25, 0, 0, 0, 0, 8, 0, 0, 0, 25, 8, 8, 0, 25, 17, 0, 0, 25, 0, 21, 0, 8, 0, 0, 0]",0.4788639545440674
"[10, 50, 'UD', 'D-RAND', '0.5', 'S-AVG', 1]","[0, 0, 0, 0, 0, 0, 0, 0, 0, 0, 0, 0, 0, 0, 0, 0, 0, 0, 0, 0, 0, 0, 0, 0, 0, 0, 0, 0, 0, 0, 0, 0, 0, 0, 0, 0, 0, 0, 0, 0, 0, 0, 0, 0, 0, 0, 0, 0, 0, 0]",0.01748204231262207
"[10, 50, 'UD', 'D-RAND', '0.5', 'S-AVG', 2]","[0, 0, 0, 0, 0, 0, 0, 0, 0, 0, 0, 0, 0, 0, 0, 0, 0, 1, 0, 0, 0, 0, 0, 0, 0, 0, 0, 0, 0, 1, 0, 0, 0, 0, 0, 0, 0, 0, 0, 0, 0, 0, 0, 0, 0, 0, 0, 0, 0, 0]",0.0756537914276123
"[10, 50, 'UD', 'D-RAND', '0.5', 'S-AVG', 3]","[0, 0, 0, 0, 0, 0, 0, 0, 0, 0, 0, 0, 0, 0, 0, 0, 0, 0, 0, 0, 0, 0, 0, 0, 0, 0, 0, 0, 0, 0, 0, 0, 0, 0, 0, 0, 0, 0, 0, 0, 0, 0, 0, 0, 0, 0, 0, 0, 0, 0]",0.011296510696411133
"[10, 50, 'UD', 'D-RAND', '0.5', 'S-DIST', 1]","[0, 7, 0, 0, 0, 7, 5, 5, 0, 3, 0, 0, 0, 0, 2, 8, 3, 8, 7, 0, 10, 0, 7, 3, 0, 1, 0, 0, 5, 0, 2, 5, 0, 0, 1, 0, 2, 0, 0, 2, 0, 0, 0, 1, 0, 0, 7, 3, 5, 0]",0.21523690223693848
"[10, 50, 'UD', 'D-RAND', '0.5', 'S-DIST', 2]","[0, 0, 0, 0, 0, 8, 0, 0, 0, 0, 0, 0, 0, 4, 0, 0, 0, 0, 0, 0, 2, 0, 0, 0, 0, 0, 0, 0, 0, 0, 0, 0, 0, 0, 4, 0, 0, 0, 2, 0, 0, 0, 0, 0, 0, 0, 0, 0, 0, 4]",0.15609192848205566
"[10, 50, 'UD', 'D-RAND', '0.5', 'S-DIST', 3]","[0, 3, 0, 0, 0, 0, 0, 2, 0, 8, 6, 2, 2, 0, 3, 3, 0, 0, 0, 0, 0, 0, 2, 3, 0, 0, 6, 11, 2, 0, 3, 0, 6, 0, 0, 2, 0, 6, 0, 2, 0, 0, 0, 0, 0, 0, 2, 0, 0, 0]",0.23560261726379395
"[10, 50, 'UD', 'D-RAND', '0.5', 'S-RAND', 1]","[8, 1, 2, 0, 2, 8, 0, 5, 0, 0, 5, 0, 0, 0, 1, 1, 0, 1, 5, 0, 5, 5, 2, 0, 0, 0, 1, 0, 11, 0, 10, 0, 2, 0, 0, 1, 2, 1, 1, 0, 7, 11, 0, 0, 0, 0, 0, 2, 0, 8]",0.22788596153259277
"[10, 50, 'UD', 'D-RAND', '0.5', 'S-RAND', 2]","[0, 0, 0, 5, 0, 0, 0, 0, 0, 0, 0, 0, 0, 0, 0, 0, 5, 0, 0, 0, 0, 0, 0, 0, 0, 0, 0, 0, 0, 0, 0, 1, 0, 0, 2, 2, 0, 0, 0, 0, 0, 2, 0, 0, 0, 0, 0, 5, 0, 0]",0.12249636650085449
"[10, 50, 'UD', 'D-RAND', '0.5', 'S-RAND', 3]","[8, 3, 4, 0, 9, 0, 17, 0, 0, 14, 3, 0, 1, 4, 0, 17, 0, 0, 3, 0, 0, 3, 14, 0, 0, 4, 3, 0, 9, 15, 0, 0, 0, 14, 4, 15, 0, 4, 14, 6, 0, 4, 14, 0, 0, 1, 12, 4, 0, 0]",0.37746620178222656
"[10, 50, 'UD', 'D-RAND', '1', 'S-AVG', 1]","[0, 0, 0, 0, 0, 0, 0, 0, 0, 0, 0, 0, 0, 0, 0, 0, 0, 0, 0, 0, 0, 0, 0, 0, 0, 0, 0, 0, 0, 0, 0, 0, 0, 0, 0, 0, 0, 0, 0, 0, 0, 0, 0, 0, 0, 0, 0, 0, 0, 0]",0.02075338363647461
"[10, 50, 'UD', 'D-RAND', '1', 'S-AVG', 2]","[0, 0, 2, 0, 0, 0, 0, 2, 0, 0, 0, 0, 0, 0, 0, 0, 1, 0, 0, 0, 5, 0, 0, 0, 0, 0, 0, 0, 0, 0, 0, 0, 0, 0, 0, 4, 0, 0, 0, 0, 0, 0, 0, 0, 5, 0, 0, 0, 1, 0]",0.24775981903076172
"[10, 50, 'UD', 'D-RAND', '1', 'S-AVG', 3]","[0, 0, 0, 0, 0, 0, 0, 0, 0, 0, 0, 0, 0, 0, 0, 0, 0, 0, 0, 0, 0, 0, 0, 0, 0, 0, 0, 0, 0, 0, 0, 0, 0, 0, 0, 0, 0, 0, 0, 0, 0, 0, 0, 0, 0, 0, 0, 0, 0, 0]",0.021444082260131836
"[10, 50, 'UD', 'D-RAND', '1', 'S-DIST', 1]","[0, 0, 0, 0, 0, 0, 0, 0, 0, 0, 0, 0, 0, 0, 0, 0, 0, 0, 0, 0, 0, 0, 0, 0, 0, 0, 0, 0, 2, 0, 0, 0, 0, 0, 0, 0, 0, 0, 0, 0, 0, 0, 0, 4, 0, 0, 0, 0, 0, 0]",0.09207010269165039
"[10, 50, 'UD', 'D-RAND', '1', 'S-DIST', 2]","[0, 0, 0, 4, 10, 14, 27, 14, 17, 14, 20, 0, 14, 0, 0, 0, 10, 0, 0, 0, 4, 14, 0, 4, 0, 0, 4, 24, 7, 4, 0, 14, 0, 7, 17, 0, 7, 4, 0, 10, 0, 8, 8, 4, 10, 0, 0, 20, 9, 10]",0.6185920238494873
"[10, 50, 'UD', 'D-RAND', '1', 'S-DIST', 3]","[0, 0, 0, 0, 0, 0, 18, 14, 0, 0, 0, 0, 14, 0, 0, 1, 0, 0, 6, 0, 14, 0, 0, 0, 0, 1, 6, 0, 6, 6, 0, 0, 14, 0, 0, 0, 0, 6, 14, 0, 1, 0, 0, 10, 10, 1, 0, 0, 10, 0]",0.36490964889526367
"[10, 50, 'UD', 'D-RAND', '1', 'S-RAND', 1]","[16, 0, 3, 29, 18, 3, 0, 0, 26, 0, 29, 21, 18, 11, 29, 29, 0, 0, 8, 0, 0, 0, 29, 21, 0, 8, 0, 3, 0, 0, 1, 21, 16, 0, 21, 29, 0, 0, 29, 26, 0, 18, 21, 13, 0, 0, 0, 0, 0, 0]",0.547189474105835
"[10, 50, 'UD', 'D-RAND', '1', 'S-RAND', 2]","[0, 0, 0, 0, 6, 0, 1, 19, 17, 14, 0, 0, 0, 0, 22, 11, 4, 0, 17, 19, 0, 19, 4, 0, 17, 9, 0, 0, 22, 0, 1, 0, 0, 11, 14, 19, 0, 0, 17, 0, 9, 0, 0, 0, 0, 0, 17, 22, 14, 6]",0.3806459903717041
"[10, 50, 'UD', 'D-RAND', '1', 'S-RAND', 3]","[16, 0, 21, 0, 0, 3, 21, 5, 8, 0, 3, 0, 0, 0, 0, 5, 0, 5, 13, 0, 0, 0, 0, 0, 8, 0, 0, 0, 13, 0, 0, 16, 21, 0, 0, 8, 0, 0, 13, 21, 8, 5, 0, 0, 18, 0, 5, 21, 0, 8]",0.4489102363586426
"[10, 50, 'UD', 'D-RAND', '1.5', 'S-AVG', 1]","[0, 0, 0, 0, 0, 0, 0, 0, 3, 0, 0, 0, 0, 0, 0, 3, 0, 0, 0, 0, 0, 0, 0, 0, 0, 0, 0, 0, 0, 0, 0, 0, 0, 0, 0, 0, 0, 0, 0, 0, 0, 0, 0, 0, 0, 0, 0, 0, 0, 0]",0.09799313545227051
"[10, 50, 'UD', 'D-RAND', '1.5', 'S-AVG', 2]","[0, 0, 0, 0, 0, 0, 0, 0, 0, 1, 0, 0, 5, 0, 1, 0, 0, 0, 0, 0, 0, 0, 3, 0, 0, 0, 0, 0, 4, 0, 0, 0, 0, 0, 0, 0, 0, 0, 2, 0, 0, 0, 0, 4, 0, 0, 0, 0, 0, 0]",0.15864276885986328
"[10, 50, 'UD', 'D-RAND', '1.5', 'S-AVG', 3]","[0, 0, 0, 0, 0, 0, 0, 0, 0, 0, 0, 0, 0, 0, 0, 0, 0, 0, 0, 0, 0, 0, 0, 0, 0, 0, 0, 0, 0, 0, 0, 0, 0, 0, 0, 0, 0, 0, 0, 0, 0, 0, 0, 0, 0, 0, 0, 0, 0, 0]",0.019572973251342773
"[10, 50, 'UD', 'D-RAND', '1.5', 'S-DIST', 1]","[29, 0, 23, 0, 0, 35, 0, 35, 0, 6, 23, 0, 0, 0, 0, 0, 0, 0, 6, 0, 0, 6, 12, 6, 35, 0, 29, 18, 0, 0, 0, 6, 23, 18, 0, 29, 6, 0, 0, 0, 18, 0, 0, 12, 12, 18, 0, 0, 6, 0]",0.6881062984466553
"[10, 50, 'UD', 'D-RAND', '1.5', 'S-DIST', 2]","[9, 4, 22, 0, 13, 13, 0, 0, 0, 0, 4, 35, 0, 0, 0, 0, 0, 4, 17, 9, 17, 0, 13, 0, 0, 0, 0, 0, 4, 0, 13, 0, 0, 4, 9, 13, 13, 4, 4, 0, 13, 9, 4, 9, 0, 13, 0, 31, 0, 0]",0.785851001739502
"[10, 50, 'UD', 'D-RAND', '1.5', 'S-DIST', 3]","[0, 8, 13, 0, 0, 0, 0, 0, 0, 0, 0, 0, 8, 0, 0, 0, 0, 0, 0, 0, 2, 2, 0, 0, 0, 0, 0, 0, 0, 0, 0, 0, 2, 2, 2, 0, 0, 13, 29, 0, 0, 0, 0, 2, 0, 2, 0, 0, 0, 0]",0.5299947261810303
"[10, 50, 'UD', 'D-RAND', '1.5', 'S-RAND', 1]","[0, 25, 37, 13, 33, 0, 1, 0, 0, 25, 33, 0, 17, 37, 0, 5, 0, 0, 0, 0, 5, 0, 33, 0, 0, 9, 9, 21, 0, 0, 17, 33, 0, 13, 17, 29, 0, 5, 17, 0, 29, 0, 21, 0, 25, 2, 0, 21, 0, 9]",0.6860663890838623
"[10, 50, 'UD', 'D-RAND', '1.5', 'S-RAND', 2]","[0, 0, 8, 0, 0, 0, 0, 0, 0, 0, 0, 0, 0, 6, 9, 0, 0, 0, 5, 0, 4, 0, 0, 11, 0, 0, 0, 2, 3, 0, 3, 0, 0, 0, 0, 2, 0, 0, 10, 0, 0, 0, 0, 0, 1, 0, 0, 0, 0, 0]",0.22332978248596191
"[10, 50, 'UD', 'D-RAND', '1.5', 'S-RAND', 3]","[3, 0, 3, 0, 3, 0, 0, 0, 0, 0, 0, 0, 0, 0, 0, 9, 0, 0, 0, 0, 0, 0, 0, 7, 0, 0, 0, 7, 5, 0, 0, 0, 0, 0, 0, 0, 0, 0, 0, 5, 0, 0, 1, 0, 0, 0, 0, 0, 0, 0]",0.17922043800354004
"[10, 50, 'DS', 'D-AVG', '0.5', 'S-AVG', 1]","[0, 0, 0, 0, 0, 0, 0, 1, 0, 0, 0, 0, 0, 0, 0, 0, 0, 0, 0, 0, 0, 0, 0, 0, 0, 0, 0, 0, 0, 0, 0, 0, 0, 0, 0, 0, 0, 0, 0, 0, 0, 0, 0, 0, 0, 0, 0, 0, 0, 0]",0.07716107368469238
"[10, 50, 'DS', 'D-AVG', '0.5', 'S-AVG', 2]","[0, 0, 0, 0, 0, 0, 0, 1, 0, 0, 0, 0, 0, 0, 0, 0, 0, 0, 0, 0, 0, 0, 0, 0, 0, 0, 0, 0, 0, 0, 0, 3, 0, 0, 0, 0, 0, 0, 2, 0, 0, 0, 0, 0, 0, 0, 1, 0, 0, 0]",0.13820624351501465
"[10, 50, 'DS', 'D-AVG', '0.5', 'S-AVG', 3]","[0, 0, 0, 0, 0, 0, 0, 0, 0, 0, 0, 0, 0, 0, 0, 0, 0, 0, 0, 0, 0, 0, 0, 0, 0, 0, 0, 0, 0, 0, 0, 0, 0, 0, 0, 0, 0, 0, 0, 0, 0, 0, 0, 0, 0, 0, 0, 0, 0, 0]",0.01908707618713379
"[10, 50, 'DS', 'D-AVG', '0.5', 'S-DIST', 1]","[12, 15, 12, 18, 15, 10, 15, 15, 17, 15, 17, 15, 9, 25, 15, 17, 20, 17, 17, 13, 15, 12, 15, 10, 17, 15, 17, 10, 18, 17, 17, 15, 16, 20, 15, 18, 17, 15, 18, 16, 15, 17, 12, 15, 10, 20, 15, 18, 17, 15]",0.7785611152648926
"[10, 50, 'DS', 'D-AVG', '0.5', 'S-DIST', 2]","[7, 9, 0, 4, 0, 11, 0, 3, 17, 11, 13, 9, 9, 13, 9, 15, 13, 9, 17, 9, 9, 17, 5, 13, 9, 9, 13, 9, 7, 9, 9, 9, 9, 3, 5, 0, 8, 4, 7, 17, 9, 11, 10, 9, 9, 7, 13, 7, 11, 9]",0.6304130554199219
"[10, 50, 'DS', 'D-AVG', '0.5', 'S-DIST', 3]","[11, 2, 7, 13, 5, 5, 4, 7, 7, 7, 10, 5, 8, 0, 5, 5, 4, 4, 7, 4, 8, 5, 0, 5, 0, 2, 10, 7, 3, 0, 5, 10, 5, 5, 4, 0, 5, 7, 8, 5, 7, 5, 0, 0, 5, 10, 5, 5, 5, 7]",0.43609619140625
"[10, 50, 'DS', 'D-AVG', '0.5', 'S-RAND', 1]","[17, 18, 5, 7, 11, 11, 6, 6, 21, 5, 23, 0, 0, 20, 5, 14, 20, 8, 18, 12, 8, 2, 21, 5, 24, 17, 0, 20, 4, 17, 11, 12, 23, 8, 24, 18, 8, 18, 0, 8, 24, 8, 0, 4, 17, 4, 20, 11, 9, 0]",0.701927661895752
"[10, 50, 'DS', 'D-AVG', '0.5', 'S-RAND', 2]","[7, 11, 4, 19, 19, 16, 20, 12, 11, 13, 13, 8, 9, 7, 0, 7, 16, 16, 7, 4, 17, 8, 13, 17, 16, 20, 7, 3, 17, 20, 8, 5, 2, 6, 8, 4, 11, 19, 0, 3, 2, 11, 9, 6, 9, 6, 8, 20, 9, 12]",0.5264923572540283
"[10, 50, 'DS', 'D-AVG', '0.5', 'S-RAND', 3]","[21, 1, 5, 17, 15, 7, 22, 22, 13, 9, 13, 11, 18, 5, 2, 0, 0, 17, 4, 4, 9, 1, 17, 4, 13, 21, 10, 8, 11, 10, 22, 18, 14, 4, 1, 1, 10, 0, 10, 17, 10, 19, 18, 5, 0, 15, 17, 4, 11, 21]",0.5682404041290283
"[10, 50, 'DS', 'D-AVG', '1', 'S-AVG', 1]","[0, 0, 0, 0, 0, 0, 0, 0, 0, 0, 0, 0, 0, 0, 0, 1, 0, 0, 0, 0, 0, 0, 0, 0, 0, 0, 0, 0, 0, 0, 0, 0, 0, 0, 0, 0, 0, 0, 0, 0, 0, 0, 0, 0, 0, 0, 0, 0, 0, 0]",0.07493901252746582
"[10, 50, 'DS', 'D-AVG', '1', 'S-AVG', 2]","[0, 0, 0, 0, 0, 0, 0, 0, 0, 0, 0, 0, 0, 0, 0, 0, 0, 0, 0, 0, 0, 0, 0, 0, 0, 0, 0, 0, 0, 0, 0, 0, 0, 0, 0, 0, 0, 0, 0, 0, 0, 0, 0, 0, 0, 0, 0, 0, 0, 0]",0.02042698860168457
"[10, 50, 'DS', 'D-AVG', '1', 'S-AVG', 3]","[2, 0, 2, 2, 2, 0, 0, 0, 0, 0, 0, 0, 0, 0, 0, 2, 0, 0, 0, 2, 2, 2, 0, 2, 0, 0, 2, 2, 2, 2, 0, 2, 0, 2, 0, 2, 0, 2, 2, 0, 4, 0, 0, 0, 2, 0, 0, 2, 0, 2]",0.24858617782592773
"[10, 50, 'DS', 'D-AVG', '1', 'S-DIST', 1]","[38, 16, 23, 24, 22, 8, 23, 26, 31, 25, 23, 25, 26, 28, 22, 12, 12, 41, 17, 14, 20, 23, 31, 25, 24, 22, 26, 38, 19, 25, 0, 24, 28, 9, 18, 22, 25, 11, 27, 22, 25, 12, 19, 10, 34, 16, 22, 22, 25, 34]",1.386066198348999
"[10, 50, 'DS', 'D-AVG', '1', 'S-DIST', 2]","[36, 14, 36, 35, 36, 36, 11, 36, 36, 29, 46, 36, 39, 31, 14, 39, 36, 31, 36, 32, 36, 39, 25, 36, 11, 43, 36, 39, 50, 36, 36, 29, 29, 39, 36, 36, 36, 36, 50, 39, 36, 32, 50, 26, 39, 43, 35, 36, 39, 46]",1.7093939781188965
"[10, 50, 'DS', 'D-AVG', '1', 'S-DIST', 3]","[8, 9, 9, 9, 0, 3, 9, 11, 10, 9, 4, 6, 11, 14, 16, 7, 9, 1, 4, 7, 0, 6, 3, 9, 11, 7, 11, 9, 6, 11, 11, 9, 2, 3, 10, 6, 12, 7, 10, 9, 9, 11, 0, 5, 9, 9, 13, 7, 11, 10]",0.6162035465240479
"[10, 50, 'DS', 'D-AVG', '1', 'S-RAND', 1]","[23, 18, 32, 9, 0, 38, 3, 20, 38, 9, 9, 0, 9, 9, 9, 13, 9, 38, 9, 20, 32, 3, 26, 15, 38, 9, 12, 18, 6, 29, 41, 38, 12, 44, 18, 1, 6, 0, 9, 12, 44, 0, 26, 18, 29, 38, 12, 44, 26, 32]",1.056276798248291
"[10, 50, 'DS', 'D-AVG', '1', 'S-RAND', 2]","[15, 32, 15, 35, 20, 45, 22, 45, 8, 48, 32, 28, 25, 25, 45, 20, 50, 15, 3, 30, 35, 20, 50, 42, 48, 12, 9, 40, 50, 18, 22, 18, 15, 5, 20, 25, 15, 38, 40, 18, 28, 45, 42, 28, 8, 35, 32, 32, 38, 42]",1.7330567836761475
"[10, 50, 'DS', 'D-AVG', '1', 'S-RAND', 3]","[0, 6, 14, 11, 11, 17, 23, 20, 9, 10, 11, 20, 26, 11, 11, 11, 9, 14, 14, 12, 23, 10, 10, 35, 11, 7, 6, 0, 10, 7, 32, 35, 17, 14, 14, 6, 11, 20, 35, 26, 11, 10, 1, 7, 3, 20, 26, 0, 23, 11]",0.7966828346252441
"[10, 50, 'DS', 'D-AVG', '1.5', 'S-AVG', 1]","[0, 0, 1, 0, 0, 0, 1, 5, 1, 1, 0, 0, 0, 5, 0, 0, 5, 0, 4, 0, 1, 0, 0, 0, 0, 1, 5, 1, 0, 0, 0, 0, 2, 0, 6, 0, 1, 8, 0, 1, 0, 6, 0, 0, 0, 0, 0, 7, 0, 0]",0.43660521507263184
"[10, 50, 'DS', 'D-AVG', '1.5', 'S-AVG', 2]","[0, 0, 0, 0, 0, 0, 0, 0, 0, 0, 0, 0, 0, 0, 0, 0, 0, 0, 0, 0, 0, 0, 0, 0, 0, 0, 0, 0, 0, 0, 0, 0, 2, 0, 0, 1, 0, 0, 0, 0, 0, 0, 0, 0, 0, 0, 0, 0, 0, 0]",0.10192251205444336
"[10, 50, 'DS', 'D-AVG', '1.5', 'S-AVG', 3]","[7, 0, 0, 0, 0, 0, 0, 0, 0, 0, 5, 4, 0, 0, 4, 0, 0, 3, 4, 0, 11, 3, 6, 5, 0, 3, 4, 0, 0, 0, 0, 0, 0, 0, 3, 6, 0, 6, 0, 5, 0, 0, 3, 0, 10, 0, 4, 8, 0, 0]",0.4659578800201416
"[10, 50, 'DS', 'D-AVG', '1.5', 'S-DIST', 1]","[38, 38, 38, 44, 25, 44, 38, 44, 38, 56, 62, 38, 69, 44, 38, 44, 50, 44, 25, 38, 31, 38, 38, 38, 38, 38, 37, 38, 44, 38, 44, 75, 38, 38, 38, 50, 38, 38, 6, 38, 38, 38, 19, 12, 17, 19, 62, 38, 38, 31]",2.5420000553131104
"[10, 50, 'DS', 'D-AVG', '1.5', 'S-DIST', 2]","[52, 35, 52, 0, 46, 35, 30, 24, 30, 17, 31, 30, 18, 30, 40, 40, 46, 30, 38, 30, 30, 35, 30, 40, 35, 35, 30, 17, 29, 30, 40, 46, 30, 52, 40, 14, 30, 21, 23, 30, 30, 30, 30, 30, 7, 18, 30, 9, 34, 27]",2.1933650970458984
"[10, 50, 'DS', 'D-AVG', '1.5', 'S-DIST', 3]","[31, 19, 31, 31, 44, 19, 0, 0, 31, 0, 13, 13, 31, 19, 19, 25, 31, 19, 13, 0, 13, 0, 13, 13, 7, 19, 0, 19, 19, 13, 0, 0, 13, 25, 13, 19, 13, 7, 44, 13, 25, 31, 13, 13, 7, 38, 13, 19, 0, 13]",1.2295255661010742
"[10, 50, 'DS', 'D-AVG', '1.5', 'S-RAND', 1]","[19, 14, 35, 17, 0, 16, 13, 20, 6, 22, 15, 24, 27, 14, 0, 6, 31, 23, 48, 15, 11, 19, 27, 44, 14, 27, 12, 14, 19, 11, 14, 14, 10, 48, 14, 11, 27, 12, 12, 31, 19, 13, 48, 35, 8, 18, 40, 44, 40, 14]",1.0088064670562744
"[10, 50, 'DS', 'D-AVG', '1.5', 'S-RAND', 2]","[11, 0, 18, 46, 28, 14, 7, 7, 0, 36, 25, 32, 36, 7, 28, 57, 32, 28, 25, 0, 57, 46, 7, 53, 7, 0, 3, 0, 0, 57, 39, 57, 21, 50, 57, 25, 39, 0, 46, 28, 39, 36, 3, 7, 57, 21, 7, 28, 21, 50]",1.5631787776947021
"[10, 50, 'DS', 'D-AVG', '1.5', 'S-RAND', 3]","[3, 23, 21, 15, 25, 7, 23, 10, 16, 19, 19, 20, 0, 13, 5, 23, 19, 26, 23, 23, 19, 20, 23, 24, 25, 23, 16, 23, 23, 16, 0, 25, 23, 3, 24, 2, 19, 23, 19, 11, 0, 22, 23, 11, 23, 23, 23, 17, 21, 23]",0.9978342056274414
"[10, 50, 'DS', 'D-DIST', '0.5', 'S-AVG', 1]","[12, 12, 12, 12, 12, 12, 12, 12, 12, 12, 12, 12, 12, 12, 12, 12, 12, 12, 12, 12, 12, 12, 12, 12, 12, 12, 12, 12, 12, 12, 12, 12, 12, 12, 15, 12, 12, 12, 12, 12, 14, 12, 12, 12, 12, 12, 12, 12, 12, 12]",0.7197122573852539
"[10, 50, 'DS', 'D-DIST', '0.5', 'S-AVG', 2]","[0, 0, 0, 0, 0, 0, 0, 0, 0, 0, 0, 0, 0, 0, 0, 0, 0, 0, 0, 0, 0, 0, 0, 0, 0, 0, 0, 0, 0, 0, 0, 0, 0, 0, 0, 0, 0, 0, 0, 0, 0, 0, 0, 0, 0, 0, 0, 0, 0, 0]",0.025007963180541992
"[10, 50, 'DS', 'D-DIST', '0.5', 'S-AVG', 3]","[1, 0, 0, 0, 0, 0, 1, 0, 0, 0, 0, 0, 0, 0, 0, 0, 0, 0, 0, 0, 0, 0, 4, 0, 0, 0, 2, 0, 0, 0, 0, 1, 2, 0, 0, 2, 0, 1, 0, 0, 3, 0, 0, 0, 0, 0, 2, 2, 0, 0]",0.17741656303405762
"[10, 50, 'DS', 'D-DIST', '0.5', 'S-DIST', 1]","[11, 4, 7, 7, 10, 12, 11, 10, 11, 3, 15, 10, 8, 6, 6, 12, 8, 14, 8, 6, 15, 11, 10, 11, 11, 10, 12, 8, 7, 11, 0, 11, 8, 8, 8, 8, 7, 9, 18, 11, 7, 11, 7, 12, 6, 11, 11, 0, 11, 8]",0.5610027313232422
"[10, 50, 'DS', 'D-DIST', '0.5', 'S-DIST', 2]","[0, 0, 0, 0, 0, 4, 0, 0, 0, 4, 0, 0, 6, 11, 0, 9, 7, 0, 4, 0, 0, 0, 0, 0, 2, 4, 0, 0, 0, 0, 0, 4, 2, 9, 6, 0, 9, 0, 0, 2, 0, 1, 0, 0, 2, 2, 0, 0, 4, 6]",0.2564370632171631
"[10, 50, 'DS', 'D-DIST', '0.5', 'S-DIST', 3]","[3, 5, 0, 6, 6, 6, 8, 18, 5, 3, 11, 2, 6, 5, 5, 5, 6, 0, 8, 6, 5, 1, 6, 8, 5, 1, 5, 1, 5, 8, 6, 0, 1, 5, 5, 3, 11, 11, 11, 3, 1, 10, 3, 2, 10, 5, 6, 4, 3, 8]",0.4822413921356201
